stemming_data,sentiment_score,sentiment
jujur orang sulawesi selatan yg tuju bangun yg timbul laut karna indah kawasankarna kasihan yg hidup pinggir laut yg swmakin wilayah gerus alami abrasijangan karna penting wilayah mwngorbankan wilayah lainsungguh perintah yg otak lampau batas,0.0,netral
yap reklamasi cpi tuju utk tanggul air laut jaga kalo bencana air rob muka timbul bencana,0.0,netral
klw orang makassar asli tuju dgn bangun reklamasi salah satu cpi yg sedia lahan kota makssar yg luas tarik byk investor makassar yg reklamasi jg bentuk labuh makassar new port labuh internasional besar indonesia berkat tanah reklamasi dukung sja selagi iti kota makassar maju,0.13636363636363635,positif
kota daeng kuliah pantai losari meja semen nikmat suasana malam makan khas makassar yg nama ujung pandang pisang epe tdk lupa coto mangkasara yg enak tuju bangun makassar tingkat reklamasi sesuai amdal,0.0,netral
celebesewako si sirik tanda senang komentar atas karna sisi sirik makassar karna kota tdk bikin,0.0,netral
normal tuju kalo tuju pake banget kalo kelolah makassar keren sayang pemprov pemkot mkaassar tdk manfaat posisi makassar daerah transit bikin singapore dubai,0.15,positif
baik makassar malaysia,0.0,netral
reklamasi jakarta inisiatif inisiatif naga sembilan kuasa nkri kevuali pindah rakyat pribumi yanf kumuh dki hidup gang gang kelinci padat kumuh sehat sayasetuju orang china bedol desa china jajah terhadsp nkri nkri jajah bangsa aasing,0.0,netral
benci bgt gw lihat masjid orange masjid koq model kaya kuil yg ngk aja tuh si rk nngerancang masjid koq kaya gitu,0.0,netral
masjid nya norak alay gitu,0.0,netral
alas reklamasi makassar habis lahan kosong jakarta singapura,-0.4,negatif
rusak ekosistem laut,0.0,netral
daratane duwur opo ora kui nko klelep wes bangun gedung duwur entek akeh ko klelep rugi,0.0,netral
bagunan dipilihara indah lanjut makassar,0.0,netral
cina yg,0.0,netral
yg butuh makassar kawasan industri tambah gedung cakar langit yg tambah,0.0,netral
klo adah crita gowa dn makasar trllu lbihkan dn tdak logika infox,0.0,netral
alhamdulillah makassar maju mayoritas masyarakat sulawesi selatan dukung bangun kota makassar ikonik tolak ukur bangun kawasan indonesia timur,0.0,netral
wow keren tinggal makassar thn kota makassar kembang pesat bangun teras pantai losari,0.1,positif
balik bangun indah nelayan yg rugi orang asli sulawesi tuju,0.0,netral
sayang laut kotor jorok sampah,0.0,netral
hal reklamasi pantai jakarta makmur bikin hidup mewah lanjut warga turun tionghoa cina beli nasib pribumi tonton negeri sendirikacung aseng kacung asing negeri,0.0,netral
mesti jln protokol makassar bangun terowongan jalur kabel pln pipa pdam makassar,0.0,netral
alhamdulillah pantai losaril makasar sulsel moga manfaat berkah keluarga mua wni nkri cinta indonesia timur aamiin terimakasih salam jakarta indonesia,0.0,netral
liat rumah cpi,0.0,netral
juta kubik tanah,0.0,netral
alam rusak,0.0,netral
masjid amirul muminin sekitar patung berhala mesti nama rubah masjid amirul musryikin hina rendah amirul mukminin berantas patung patung berhala berhala,0.0,netral
bagus sulawesi selatan maju jakarta koruptor,0.0,netral
ny barack asia obamas,0.0,netral
besibesi yg dipake rangka beton dimakassar pabrik daur ulang besi bekasmaka mudah laksana,0.0,netral
iya makassar biasa pakai campur semen buat yaitupasir silikatanah merah zat kimia nitro apaitu zulfat bangun mangkrakapa infrastruktur kota bangun bahan alam makasar kecuali zat kimia rangka besi beton amien,0.0,netral
makassar kalah jakarta,0.0,netral
ya iya semut vs gajah,0.0,netral
mantap bang alhamdulillah sholat mesjid kubah mesjid trapung,0.0,netral
mantab hooh jakarta atuh sonoh pegi dr jakarta,0.0,netral
reklmasi jakarta ikut ide gagasn ahok bagus karna manusia bodok pandai teori jabat reklamasi jakarta langsung kembang tangan orang pandai bacot kerja ngaur,0.0,netral
liat ngerasa jakarta kalah,0.0,netral
pret kalah nya gin nih orangorang makladesh suka ngimpi klo ngomong,0.0,netral
celebesewako rapihan makassar bang turut coba aja kesini jakarta utara semrawut tanggul rob aja retak liat gedung aja,0.0,netral
jarrotalbinomekladeshia yg kumuh indonesia wilayah makladesh kumuh baca berita,0.0,netral
buang anggar negara darat bangunnnkenapa timbun lucu indo pantai kosong,0.0,netral
tuju,0.0,netral
indah makassar rusak lingkung reklamasi datar daerah negara batas indah sulsel rata bangun daerah yg dekat ibukota prov jamin transportasi singkat daerah bangun pusat makassar sya ruas jalan tdk pada tampung kendara pribadi unjung kota,0.0,netral
tanda infrastruktur makasar buruk,0.0,netral
celebesewako bangun infrastruktur makassar ugalan fungsi sesuai harap makassar maju tata kota yg bobrok,0.0,netral
jujur kota kelas makasar surabaya bandung kalah kota no surabaya yg masuk top kota china dr segi gdp infrastruktur kota no china padet apartemen office tower banding makasar setu makasar benah hh lope makassar,0.5,positif
sama mekasar dgn bandung medan surabaya semarang palembang batam super maju mekasar bangladesh nya indonesia timur tinggal miskin infrastruktur duduk ekonomi nya tinggal negaranegara maju pulau jawa sumatera makasar makladesh timur kelas kota balikpapan pontianak manado jayapura infrastruktur ekonomi duduk,0.3333333333333333,positif
kalah pik,0.0,netral
salam kenal kota daeng makassar,0.0,netral
salam kenal,0.0,netral
afachannelni video hoax sampah gak mutu jgn suka bikin video yg sesat ko kena tulah,0.0,netral
daratanya aj tanah kosong,0.0,netral
,0.0,netral
tanda masyarakat sulawesi selatan milik hidup layak prioritas,0.0,netral
pamor pantai losari hilang,0.0,netral
bangun tuju cantik tuju bisnis utk kembang yg mampuh belih org duit doang china org miskin usir halus,0.0,netral
bangga suku makassar,0.0,netral
kalo jalan panlos reklamasi isi istana presiden masjid rumah ciputra,0.0,netral
sy tuju kalo situ penuh dgn gedung cakar langitbiar makassar lbh keren,0.0,netral
makassar is the best,1.0,positif
z orang ntt tinggal sulsel jujur bangun infrastruktur provinsi sulsel fokus kota makassar tpi klo kota kabupaten parah coba pergi jln kota kabupaten hancur jalan,0.0,netral
sentuh bangun,0.0,netral
tdk ngaruhji adaji riset amanji mi asbun kayak sok paham cantik kota ku mi kayak org tdk menger sekolah ki komen,0.0,netral
jgn senang dlu kalaw bnyak proyek yg kerja karna dstu ad peluang korps,0.0,netral
ya nya reklamasi gagas mantan tan yasim si lumpur lapindo yg tangkap kpk karna jerat korupsi nya jijik dana nya bayar gaji bantu nyanyi biduan wanita wan,-0.2,negatif
air keruh,0.0,netral
karna sampah nya nya hitam,0.0,netral
mantap,0.0,netral
bagus banget ya reklamasi tahap bangun uda liat keren banget selamat ya makassar kota maju,0.0,netral
the next shenzen sulawesi,0.0,netral
makladesh shenzen cencen iya,0.0,netral
kalah jakarta kotor tata rapi klo kawasan cpi yg kelola swasta bersih,0.0,netral
pakai drone ombtw cpi zona larang terbang ya,0.0,netral
kadang heran warga indonesia lihat dubaiqatar yg bangun pulau reklamasi takjub ya negara eehh pas buatin kayak gin protes,0.0,netral
beda negara beda politik beda alam jgn sama,0.0,netral
celebesewako aja yg beda sdm aja dibangunin jalan aja teriak bilang gak makan jalan gilir gak buatin jalan teriak nyalahin perintah truss mau kayak gmna,0.0,netral
nurdinhanan yg rusak untung rugi,0.0,netral
makassar in dubai,0.0,netral
wouw,0.0,netral
anda ahok yg jdi guberbur sdh bagus reklamasi jakarta bentul garuda smua krna anis d batalin smua,0.0,netral
the next pik timur,0.0,netral
jakarta orng miskin gak tuju reklamasikarena takut banjir,0.0,netral
indah tempatnyaini kerja sinitepatnya rumahsakit vertikal makassar,0.0,netral
sayang prof peleset andai prof pimpin sulsel yakin sulsel cepat gerak maju dlm bidang infrastruktur jasa,0.0,netral
hahaha jakarta jaman anies cabut izin nya pindah makassar,0.2,positif
demo abis abis d bangun masjid yg ikonik ug demo ga berani muncul masjid d dalam,0.0,netral
,0.0,netral
hati konglomerat lu gua nyerah gagal jakarta gegar si anies mnang pilgub dki duit gua gak batas gua pilih daerah jalan bisnis reklamasi gua gua tinggal telp angka nominal yg si jab kait kelepek orang,0.0,netral
keren maju makasar hrs beran mngambil resiko gebrak utk maju daerah pimpin daerah hny brdiam ad maju utk daerah ny d daerah smg aj blm ad pantai reklamasi yg mngundang wisatawan lokal mancanegara,0.0,netral
makassar yen,0.0,netral
assalammualaikum salam anton madura indonesia bro ya allah aamiin ya allah,0.0,netral
waalaikumsalam,0.0,netral
histori kenang pantai losari seketila hilang,0.0,netral
sisa nya up sdm rusak fasilitas jaga bersih nya rmh susung apartemen yg ambil lahan karena makassar padat,0.0,netral
keren makassar,0.0,netral
,0.0,netral
celebesewako spertinya penganggura ya gin anak medansdm nya rendah iri dgn bangun makassar emang medan kota gitu aja gk maju,0.0,netral
stadion barombong nggak selesai skrg,0.0,netral
hebat megahmudahan berlanjutini kpd dunia indonesia negara maju,0.0,netral
hilang ciri pantai losari duluseperti bangku panjang dgn aneka makan yg saji,0.0,netral
reklamasi makasar suksessebab jakarta bangkang,0.0,netral
reklamasi mkssar reklamasi dubai,0.0,netral
mantap kereen reklamasi mkssar,0.0,netral
masuk pik jakarta org pribumi geledah tdk bawa makan n air minum kemas masuk pik makan n minum beli area pik negara dlm negara yg isi org cina,0.0,netral
ontronya lsma,0.0,netral
mantap tawwa,0.0,netral
indah banget reklamasi makasar sahabat salam sukses,0.0,netral
,0.0,netral
moga twin tower bangun sukses channelnya salam atambua ntt,0.0,netral
daerah indonesia tahap proses bangun kawasan maju modern syukur tanda maju tumbuh ekonomi negara proses maju mesti dukung biar pro kontra syukur tahap proses maju indonesia ditrack,0.2,positif
bener pinggir darat wilayah indonesia bangun biar tanah tanah pinggir kena abrasi merosot bawa air laut banyak beton beton sangga pinggir laut cegah tanah merosot laut udah kota kota kabupaten tiru bangun bangun china jepang korsel eropa amerika biar,0.0,netral
kalo banding kota besar tiga indonesia medan kota makassar kejar kota metropolitan bonus demografi medan yg malaysia singapura pacu bangun cepat kali pimpin sana sandung korupsi pungli medan sulit lesat makassar ambil alih gelar kota besar tiga,0.0,netral
wkwkwkwk mekladeshia bom level kota metro kelas kota kecilbesar tolong beda,0.0,netral
tower lum min,0.0,netral
sngat indah smg uang negara jgn korupsi bangun negara,0.0,netral
makasar bangun maju pimpin bagus sampek kaget dengernya bahagia makasar maju makasar daerah otonomi khusus,0.0,netral
lanjut reklamasi orang sulawesi anggap orang tolak oknom primitif tolak kembang modern,0.2,positif
bagus pik,0.0,netral
reklamasi gabung kalimantan sulawesi cipta pradapan bumi,0.0,netral
sana bangun monumen cpi central point of indonesia,0.0,netral
giant sea wall reklamasi jakarta batal tangan anies andai reklamasi jakarta bangun mesjid kaum gak ribut,0.0,netral
indonesia maju orientasi future kumuh piara,0.0,netral
indah pantai losari hilang krna pembagunan reklamasi,0.0,netral
perintah jokowi hasil rata indonesia jokowi kasih harga presiden tebaik presiden merdeka hidup presiden jokowi wassalam,0.0,netral
wow superb,0.55,positif
moga ajar hobby tawur,0.0,netral
ni channel derita sakit fobia overproud panatik gilaaa,0.0,netral
si lu elu kayak benci gk suka ya kota makassar kota elu bagus gak gk proyek sperti cpi sy liat komentar gk suka dgn maju kota makassar mending elu urus kota jgn sampah,0.0,netral
medanhoras mekasar loh taik kucing gak level primitif,0.0,netral
medanhoras iya biar mekasar ewakontol loh kota bikini buttom laut hidup alam,0.0,netral
medanhoras iya biar mekasar ewakontol loh laut bikini buttom hidup alam,0.0,netral
medanhoras biar mekasar ewakontol loh laut bikini buttom hidup alam,0.0,netral
mntab skali video nya,0.0,netral
moga makassar maju,0.0,netral
aamiin,0.0,netral
aaminn,0.0,netral
attand follow,0.0,netral
twin tower twin tower dicancel,0.0,netral
gak cocok rumah sarang burung walet nya bangun reklamasi cpi,0.0,netral
beda jakarta makassar kalu upgrade bagus,0.0,netral
indonesia hancur krn jajah asing aseng,0.0,netral
mantap reklamasi hambat abrasi tangkis ama tanak uruk makan tanah multi fungsi,0.0,netral
,0.0,netral
nya larang beton pulau reklamasi buat manusia yg natural krn pasir yg mudah anjlok kpn mudah tenggelam nya fungsi reklamasi rth taman hijau pohon yg fungsi cegah air rob menghisap air,0.1,positif
celebesewako lu gk prnah liat dubai ya,0.0,netral
azrielmuhammad samain dgn dubai iklim nya beda indonesia minim bencana tsunami rob yg kait dgn air negara lbh maju canggih banding indonesia negara bencana laut tsunami rob abrasi gunung rap,0.0,netral
azrielmuhammad hubung cpi reklamasi sdh perda untuk utk rth ruang tata hijau tanggul jaga ekosistem alam,0.0,netral
senang lihatya makasar kerensalam tuban jatim,0.0,netral
,0.0,netral
,0.0,netral
mekasar kotor kumuh data nya nomor indonesia duduk infrastruktur pada kelas menado jayapura balikpapan,0.0,netral
celebesewako ya moga aj iring bejlanya lbh sekarangklu kbnyakn manusia heee,0.0,netral
jkt orang pintar ngerti,0.0,netral
semingu makasar bogorwarganyah ramah,0.0,netral
alhamdulillah,0.0,netral
jalan cpi kak klw sore sunsetnya keren,0.0,netral
azrielmuhammad blm tau daerh kakbaru semingu,0.0,netral
ezraannurtetap waspada aja bro pemudapemuda mekasar suka main busur panah sembarang korban jiwa,0.16666666666666666,positif
celebesewako tau sayangeri bang,0.0,netral
susah byk pikir nya pendek nya malu dgn sulawesi reklamasi yg bagus karna masarakat nya dukung bangun dki byk yg protes nya coba liat skrg dki air uda nya reklamasi luas darat air jgn luap mungkin,0.0,netral
coba jakarta reklamasi sulawesi hasil susa byk pro kontra nya mn da maju byk yg protes nya,0.0,netral
kota makassar yes,0.0,netral
kalo jembatan model lurus indonesia gak kapal lalang sungai negeri halang jembatan,0.0,netral
stadiong manaaakasihan tuh psm belas gembel numpang mana,0.0,netral
aduhhknp nama twins tower ya kayak nya tiru duo tower malaysia ganti aja deh nama nuansa sulsel nnama gitulohh,0.0,netral
mantap tang orang tanggung kerja keras syukur jujur guna anggar manfaat masyarakat,0.0,netral
indah nya kota makasar motor kesana salam pulau bangka,0.0,netral
salam makassar,0.0,netral
salam kota daeng makassar,0.0,netral
makassar kota besar kota besar maju indonesia jakarta kalah surabaya medan makassar,0.0,netral
alhamdulillah,0.0,netral
nomor ya,0.0,netral
azrielmuhammad,0.0,netral
tau masuk makassar tu jakarta surabaya makassar medan,0.0,netral
risanggaruda hahahaha dasar katak tempurung si mahluk primitif mekasar loh urut jakarta surabaya medan bandung semarang palembang mekasar batammekassar pekanbaru balam balikpapan padang paham ya,0.2,positif
bangun lanjut selesaipastinya indah,0.0,netral
iya prlahan selesai,0.0,netral
gak bro atur perda nya cpi fungsi utama nya rt rth,0.0,netral
reklamasi penting orang duit nikmat warga huni nya warga milik orang warga pasilitas nya,0.0,netral
keren njirr samarinda,0.0,netral
alhamdulillah samarinda jg keren krn jd ibukota ikn,0.0,netral
kecoh bro main politik balik layar untung oknum yg penting duli selamat alam yg korban warga asli makasar yg tumbal,0.16666666666666666,positif
haloooo afa sdh ikut chanel sehat ttp semangat trimakasih sdh bagi vidio informasi sprti,0.0,netral
halo pakmksh y sdh hadir channel,0.0,netral
keren mananyaklo gebunurnya tangkap kpkitu uang dkorupsi wkwk,0.0,netral
isi orang indonesia orang ya,0.0,netral
orang indonesia,0.0,netral
azrielmuhammad indonesia cina ya,0.0,netral
adindaadindaqodryang ya orangorang mata cipit kalo gak ya bkin bangunanbangunan tp orangorang mekasar orang atas nama akun azriel muhammad klaim yg bangun makasar orangorang lokal,0.0,netral
makassar jdi hub utama indonesia klo industri dibnykin ngurangin gantung dg pulau jawa riset teknologi klo shenzennya indonesia,0.0,netral
daerah daerah kembang cepat selaras ibukota pindah kalimantan hidup nkri,0.0,netral
mantap makkasar nggk samain jakarta jakarta banyak klenik caci maki nggk,0.0,netral
jakarta pejabatnys banyak ngomong gk becus kerja,0.0,netral
wow bagus banget pantai reklamasi,0.1,positif
main indah pantai reklamasi makassar moga twin tower nikmat,0.16666666666666666,positif
,0.0,netral
wajar reklamasi makassar kexil,0.0,netral
keren,0.0,netral
keren gila,0.0,netral
ibukota pindah dr jakarta karna banyak orang jakarta banyak demo tuntut brisik sana butuh pimpin model ahok keras biar bangun lancar,0.0,netral
bangun sulaweai serius ga yg gagu lalo jkt reklamasi kadrun org yg iri zanamnya ahok,0.0,netral
iya puja mata sipit china korupsi triliun bajing rugi negara,0.0,netral
yg bangun makasar ya china yg gerak roda ekonomi mekassar menado dll,0.0,netral
andai fokus tingkat transportasi masal nya keren kota,0.0,netral
bangun mrt makassar,0.0,netral
azrielmuhammad hoax mahluk,0.0,netral
ajar buang damah yg bener,0.0,netral
kalo ga salah kemarin koridor bus ga dukung pemkot hari tinggal koridor kereta api masuk paksa mangkal maros lampu hijau pemkot gimana nih yg kota dunia dengar istri maju pilwalkot thn mana,0.0,netral
rezkyrezkyekysqbm maaf ijin damah bang,0.0,netral
indonesia kaya raya merdeka tumbuh naasnya si korup tumbuh miskin hkum umur hidup,0.0,netral
ganti nurdin abdullah urusang,0.0,netral
makassar hebat modern masyarakat berfikiran maju moga manfaat amin,0.2,positif
makasar salam karawang jabar,0.0,netral
salam hormat,0.0,netral
s nya,0.0,netral
lanjut salam bandung,0.0,netral
salam hormat,0.0,netral
korupsi indonesia udah psti maju kali indonesia,0.0,netral
ahok reklamasi jakarta pda demo gk jkrta dh psti lbh maju,0.0,netral
yg tempat bkn warga pribumi pribumi tempat sbgai satpam tkg sapu,0.0,netral
reklamasi makasar tata rapi pemkot makassar bisnis kelompok bisnis jakarta,0.0,netral
yg reklamasi cpi swasta murni swasta pemprov luas lahan total reklamasi milik ciputra kembang properti swasta,0.0,netral
gambar kabur thematiknya dr youtube,0.0,netral
mksdnya,0.0,netral
kota maju pulau sulawesi kota makasar,0.0,netral
maju kawasan indonesia timur,0.0,netral
,0.0,netral
tuju luar pulau jawa maju bangun hitung sumber daya rakyat benam pulau jawa khusus dki daerah milik bangga,0.0,netral
sulawesi barat tonton,0.0,netral
mamuju tonton,0.0,netral
moga sunam,0.0,netral
reklamasi isi chindo chindo,0.0,netral
wuaoww indah cantik makasartp pulai reklamasi arabdubai pasir gerus potensi tenggelam reklamasi selajutnya tdk terus,0.0,netral
kota tropis bagus pohon,0.0,netral
reklamasi jakarta alami bro alami banyak sampah alami banyak mukim kumuh alami masuk air laut darat alami tenggelam pengaruh alam unggul jakarta jaman gub an alami alam bro mudah mudah program kalah alamialami bro bangun tanggul laut jakarta indah gaya bangun modern wawas lingkung biar alamialami kayak jaman mbah an,0.2,positif
makassar kren maju,0.0,netral
jakarta emang sengaja tenggelam ab yg tolak reklamasipjokowi,0.0,netral
untung makasar onoh coba ayak kl lawan sunatullah proyek baik cegah rusa lg dukung,0.0,netral
proyek tdk tangan presiden mangkrak,0.0,netral
,0.0,netral
reklamasi cpi tuju utama cegah banjir tsunami air rob hantam pesisir pantai mekasar utk jual belikan oknum rakus haus kuasa,0.0,netral
salah woi knpa stunami cpi bangun krn lokasi makassar indonesia barat timur sana cetus mantan gubernur sulsel syahrul yasin limpo mebangun pulau buat dgn nama cpi center point of indonesia titik indonesia sana jg wisma preisden t singgahsana presiden jg cpi adab masyarakat makassar maju kota yg stunami salah krn maakssar tdk gempa sulawei sgt kota makassarkrn makassar kaki pulau sulawesi yg notabene jalur sesar aktif,-0.1,negatif
medanhoras sundala ko syahrul yasin lumpur lapindo trjerat korupsi nya jijik kyk bekicot mekasar bangladesh nya indonesia timur nomor rawan tsunami nya kena banjir rob mekasar tenggelam cpi bantal jaga kalo pasang surut hantam pesisir,0.0,netral
orang iri maju makassar medan rertinggal cuman unggul kuantias masyarakat,0.0,netral
celebesewako kau slrtinya sdm nya rendah kek orang prindapan yg medan kaum bangladesh,0.0,netral
bengkulu hadir,0.0,netral
mudah btul twin tower akn bngun cpi,0.0,netral
ga tau jg teknik mulus proyek,0.0,netral
makasar keren salam diri jatim,0.0,netral
makasar kota yg maju,0.0,netral
nge vlog nya pulang kampung nih daeng abdul fatah arifin,0.0,netral
,0.0,netral
afachannel orang sulsel ya daeng,0.0,netral
update jis bang,0.0,netral
otw,0.0,netral
afachannel,0.0,netral
wawwww makasar mantappp,0.0,netral
benci fanatisme sentimen sara yg depan fokus maju bahan renung kaum yg suci semesta,0.0,netral
ga korupsi indonesia bangun apa,0.0,netral
beeeetul betullll saudara saudari yuor comment,0.0,netral
dongjgn fokus kejakarta,0.0,netral
makassar pas titik pusat indonesia bikin reklamasi bentuk garuda gitu bangun singgah istana presiden situ,0.0,netral
reklamasi jaman beliau,0.0,netral
bener sayang twin towernya henti ide prof bagus satu gedung perintah yg sulsel komersial gadang gadang gedung tinggi makassar indonesia timur mudah mudah yg lanjutin,0.0,netral
indonesia majusaya harap propinsi bangun,0.0,netral
anis reklamasi guna rugi masyarakat,0.0,netral
gaya residen cinta jokowi ngebangun cinta rakyat gitu sayang prof karirnya hancur salam jakarta saudara tanah air ku cita indonesia maju tangan jokowi,0.0,netral
ngikutin jejak timbun utang negara banyak ya kya si jokowi,0.0,netral
bimoradityoorang g harga orang orang buruk akhlak bangun rata yg jokowi indonesia maju resiko utang jgn negara rumah tangga aja yg cuman hidup orang utang bangun negara ngomong difikirkan jgn,0.0,netral
bimoradityo ga ngerti hutang negara sok ngomong hutang utang yg lu pikirin hutang negara beda utang pinjolmu fyi negara hutang nih beli milik surat harga negara sbn yg warga negara indonesia milik total hutang negara sbn tengah situ negara topang apbn biar menuhin subsidi pertalite mu gas melon mu listrik mu sekolah makan layan sehat ntar mati utang pinjolmu digantiin negara naudzubillah min dzalik orang seperti yg bikin negara sulit maju skeptis fitnah bikin tidur ga tenang,0.0,netral
bimoradityoutang waris yg bayar era jokowi rp t sri mulyani menteri uang ri,0.0,netral
negara nggak maju kalo otak kayak kamujd minggir ajayg maju,0.0,netral
anda gubernur nga kpk in twin towernya udah gitu minimal udah tegak diri denger isu kalo salah takut nama prof kanca nasional jago cawapres timur indonesia kalo ngak salah isu,-0.1,negatif
klo fakta era org cerdas idealis kriminalisasi rejim kapitalis busuk kota gitu bupati nya kpk beliau yg insentif utk jabat rt rw,0.0,netral
ambil gambar bagus bang beda ama yg amatir ngedron gitu,0.0,netral
alhamdulilah,0.0,netral
jakarta udah tenggelam dah biarin aja air laut dah darat darat yg tenggelam bangun gedung yg masif yg akibat turun tanah akibat sumber air ekplorasi padat duduk dah resiko urbanisasi kota pinggir pantai,0.0,netral
cpi satu laut coi yg tanah nya rawan ambles krn tanah nya lunak natural,0.1,positif
emang twins tower,0.0,netral
alhamdulillah provinsi indonesia maju rata bangun optimis indonesia negara maju makmur amin,0.0,netral
emang keren,0.0,netral
jakarta ganggu radikal turun imigran baalawi yahudi yamani makasar rakyat nya cerdas rakyat jakarta mabuk agama imigran baalawi yahudi yaman suka ganggu demo ogah cepek nasbung pimpin radikal intoleran yaman,0.0,netral
asang aseng asong asing kuasa makassar biar tanah bangun juta orang cina kirim,0.0,netral
utk guna kursi roda utk main perosot bro,0.16666666666666666,positif
si,0.0,netral
jakarta kalah makasar,0.0,netral
selamat metropolis makasar keren keren,0.0,netral
jarta gagal krn pegang gubernur ygtdk dukung,0.0,netral
pulkam bang pik,0.0,netral
woohh keren jakarta kalah jauhkarena drun drun munaro yg hambat kemajuannyamalah mundur,0.0,netral
pemdanya jaga awat bersih masyarakat wajib bantu bersih biar nyaman aman senang,0.0,netral
indonesia negara negara ibu pulo kalo perintah serio bangun pari wisata kalah wisata nekgi nekgri bap indonesia musim salju yg musim kemarao hujan,0.0,netral
ayo indonesia timur kalah jakarta kalah jakarta kontaminasi kadrun,0.0,netral
gedung gedung swasta gedung,0.0,netral
reklamasi konsep dr reklamasi laku krn lahan tanah singapura wajar reklamasi pulau kosong ribu si manfaat sebar duduk bs rata jg mikir untung,0.0,netral
reklamasi mitigasi,0.0,netral
ya benar nya lawan hukum alam tau resiko nya kalo lawan hukum hukum rimba laku,0.0,netral
bang rs vertikal makassar,0.0,netral
mksh info,0.0,netral
ya kasih musik khas makassar,0.0,netral
moga fasilitas gratis wisatawan negari negeri pribadi kaya sperti kebanyakn orangpengusaha indonesia yg ken cuan pelayananmemajukan negara,0.0,netral
we dont care,0.0,netral
kalah ikan kaltim,0.0,netral
mekasar parasit harap mekassar jilat harap remah roti jatuh bangun ikn,0.0,netral
ikan kaltim itukyk gimana bentuk bro,0.0,netral
celebesewako sblum ikn dibntuk kaltim proyek cpi sdh bangun makassar pusat tumbuh hubung indonesia timur,0.0,netral
celebesewako buka mata bro makassarmakin maju skrang proyek triliun sdh resmi jokowi makassar,0.0,netral
azrielmuhammad makkasar pusat tumbuh ikn sdh ambil alih yg infrastruktur lengkap dukung jd mekassar yg minim infrastruktur duduk lari tinggal mekassar ikn balikpapan nya yg maju,0.0,netral
moga gubernur jakarta program pulau reklamasi tuju maju manusia indonesia pulau reklamasi yg modern,0.2,positif
reklamasi ga demo mcam jakarta bang arifin resep nya tuh,0.0,netral
demo esa bang ak ekspos wktu proses reklamasi aktivis blow up berita ambil tanah reklamasi dampak bnyak pulau alami abrasi,0.0,netral
reklamasi jakarta cancel krn politik,0.0,netral
maju kota makassar,0.0,netral
udh makasar aja sehat slalu abg nya,0.0,netral
masyaallah p jokowi best perata indonesia,1.0,positif
miskin rata,0.0,netral
mantap gak bnyak drama kaya dki yg super bulet kasih gubernur hebat gak,0.3333333333333333,positif
bangun sulit negara maju haloo jkt gmn naturalisasi halunisasi rakyat makmur sembako murah,0.0,netral
saaaaangat indah,0.0,netral
wow indah ya saing pi ancol nih,0.1,positif
jakarta kalo gak stop anies udh kaya dubai pesisir,0.0,netral
pimpin rakyat makasar cerdas jakarta,0.0,netral
wkwkwkw,0.0,netral
jakarta kadru yg hidup zaman batu reklamasi maju tentangmakanya ya kumuh,0.0,netral
makasar salip jakarta indah reklamasi,0.0,netral
,0.0,netral
andai amal korupsi dlm rencana bangun twin tower uda dasar jabat anjing bikin malu sul sel,0.0,netral
sy tdk bagus rumah tapak bagus bangun flat spt yg korea,-0.025,negatif
bangun rumah lahan ciputra swasta cilutra jg bangun sana ciputra world apartemen hotel,0.0,netral
azrielmuhammad halu ngomong nya biar sar hyper wouw gitu,0.0,netral
reklamasi makassar hasil halang penting politik,0.0,netral
udah kejakarta blom,0.0,netral
tempat cina cina cindo orang pribumi makasar yg cegah miskin g masuk usir satpam nya satpam asli pribumi,0.0,netral
hahaha reklamasi cpi tuju utama nya cegah nya tsunami banjir rob bandang yg langganantiap nya tp manfaat orangorang gak tanggung untung,0.2,positif
matpelor udh dijelasin tuju rekalmasinya sipaling pribumibiaya reklamasi wajar klo harga unit lokasi mahal khusus yg ajadikit ras krn bangun woii kerja,0.0,netral
matpelorotak lu belon nyampe,0.0,netral
cpi ya min center point of indonesia maaf salah,-0.1,negatif
yes bnr,0.0,netral
tdk stadion,0.0,netral
makassar reklamasi besarbesaran gak satu warga yg demo jakarta aja rencana reklamasi warga yg demo besarbesaran,0.0,netral
yg demo yg ngga bagi proyek trus hasut warga biar demo banyak ormas,0.0,netral
jakarta ormas mas disumpelin duit diem,0.0,netral
reklamasi jakarta gagal warga jakarta diasut bangsa kadrun yg negara indonesia maju,0.0,netral
gagal mata lupik sgt maju pesat ko gagal,0.0,netral
udah sono blom,0.0,netral
cpi reklamasi tuju utama cegah banjir air rob wanti air laut yg akibat tsunami pesisir manado,0.0,netral
reklamasi si jakarta gagal pdip,0.0,netral
uang manfaat dg bangun yg tata dg luarbiasa cantik layak jd kota dampak ekonomi pdb tingkat,0.0,netral
bagus moga maju,0.0,netral
mantap bang tmii bambu apus cipayung jakarta timur tonton sukses,0.0,netral
mksh sll hadir,0.0,netral
bumi urus bagus buruk,0.0,netral
pret alam asli nya natural rusak,0.1,positif
medan,0.0,netral
mantab biasaaaa,0.0,netral
jkt dlu jg klo jd akn indah mnghalangi banji rob gsw jg d tolak hdehhh pdhl klo jd bgus tuh jkt gk hbis fikri,0.0,netral
makassar surabaya jakarta kota dagang,0.0,netral
,0.0,netral
surabaya jakarta medan balikpapan iya mekasar isolir gak masuk kategori infrastruktur nya minim,0.0,netral
celebesewako wuih sdh muncul nih haters medan yg sdm nya rendah yg suka cemburu dgn bangun makassar saran elu cepat tobat jgn jd benci,0.0,netral
azrielmuhammad pret yg iri kota kelas mekasar ya gak lepel primitif fungsi utama reklamasi cpi antisipasi gelombang laut air laut terjang pesisir nya cpi bangun krn fungsi nya jadi rth ruang tata hijau sesuai perda kelompok manusia rakus ambil untung dgn jual belikan illegal perhati dampak terjadike,-0.5,negatif
celebesewako wkwkngakak dgn karang cerita dek bilang bangun yg diri ilegal klw ilegal demo yg reklamasi dgn proyek cpi byk dampak positif masyakat pesisir makassar krn menghindai deras alir sungai jeneberan jg ganti tanam bakau halau air laut bandang sumpah gw ketawa liat opini yg bodoh sampe segitunya bilang ilegal lihat tuh rumah sakit cuman makassar surabaya bangun iknpapua tpi yg makassar surabaya protek kembang proprti sprti agung podomorogrup hyatt bangun apartemen hotel sana ciputra world makassar bangun sana byk gedung yg bangin sana dek sdh apartemen universitas ciputra area bisnis centre makassar bos tanah reklamasi gk kayak medan gitu aja kota gk view indah kota yg masyarakat primitif byk preman tuh vlog youtube tiktok medan skrg kota aman indonesia byk premankejahatan gk cuman malam siang raja lelabesi byk yg hilang ban mobil parkir byk yg copot ambil maling fakta,0.0,netral
suka konsep ikn,0.0,netral
hati makasar konsep tata kota dampak ling kunganya menja jakarta,0.0,netral
wow makasar smakin kreen mao ngalahkan kota dubai nie nice,0.35,positif
coy,0.0,netral
makasar tara timur leste india,0.0,netral
jatuh rusak laut,0.0,netral
hater nih gak lihat dubai kaya reklamasi,0.0,netral
ikan byk kanal reklamasi nya,0.0,netral
produk yg kau pake hari yg proses n pasca produksi rusak lingkung sok gaya lo lo circle lsm makan duit asing pojok negara,0.0,netral
nya reklamasi jakarta tolak jaga imbang alam,0.0,netral
celebesewakosebenenrnya jakarta reklamasi nya hutan mangrove jdi lambat laun pulih ya resiko reklamasi karna timbun pasir massal,0.0,netral
jakarta tenggelam perintah indonesia president indonesia lihat kota amesterdam dubai singapore doha kota pulau buat tuju hambat redam halau ombak laut cegah abrasi pantai tanya president perintah indonesia tindak cegah air gelombang laut utara laut jakarta,0.0,netral
tuju perintah pulau buat laut utara jakarta tuju cegah gelombang laut abrasi pantai,0.0,netral
anies gubernur jakarta tuju pelangipelangi,0.0,netral
dapat pemda pemprov garap potensi cpi contoh kawasan taman sekitar masjid kubah jg ada nggak rawat masjid finishingnya kalah rapi masjid raya al jabbar arsitek nongkong lego lego samping masjid ada bayang cpi garap maksimal ala ala marina bay singapura situ pasang dancing fountain yg laut show malam utk tarik wisatawan lagu bpk gubernur ajak prabowo makassar lihat wisma negara yg mangkrak menit kiri tau dana lanjut bangun wisma negara cpi sesuai rencana,0.0,netral
klw masjid al jabbar mewah ya wajar krn anggar triliun sdngkan masjid kubah biaya cuman milliar,0.0,netral
klw kawasan wisma negara masjid kubah milik pemprov jembatan bentuk rumah tongkonan,0.0,netral
dapat jg bagus spertinya klw gedung iconic sperti marina bay singapura klw bagus swasta yg bangun,0.5,positif
mekasar gak level reklamasi cpi ambruk runtuh hantam ombak laut karna tanah nya lunak azrielmuhammad,0.0,netral
ya klo perintah daerah org yg kompeten daerah yg pimpin maju lebih daerah,0.0,netral
beda dgn kota medan ya,0.0,netral
elo gak liat video gubernur sulsel tangkap kpk kompeten darimana,0.0,netral
qulilhaqqoklo medan tata kota ammuradul bang,0.0,netral
hubung medan mekasar kumuh amburadur miskin primitif minim infrastruktur serasa timur leste india yg kumuhqulilhaqqo,0.0,netral
syamsiralammemang mekasar bangladesh nya indonesia timur kumuh indonesia transportasi massal nya becak sepeda motor butut gandeng nya,0.0,netral
kabar stadion barombong,0.0,netral
bravo makasarjgn aibon yah,0.0,netral
begal dusta ya,0.0,netral
korban goreng politik adu domba ya,0.0,netral
wow bagus bangun stadion,0.1,positif
daerah sudiang bagun stadion internasional rencana perintah pusat,0.0,netral
bang pulo kayangan pulo kayangan,0.0,netral
bang,0.0,netral
wowreklamasi klodtata desain jd kerennnnn,0.0,netral
bahaya sana dekat lempeng tektonik laut samudra tsunami korban,0.0,netral
daer sulawesi selatan ngak bahaya pesisir daerah jawa sumatra bos,0.0,netral
yg diwaspai pesisir mekasar pantai nya langgan banjir air rob,0.0,netral
reklamasi jakarta digangguin oknumktnya sih nyalon wkwkwk gw ketawain aj dah,0.0,netral
untung ahok mw calonin lagigw dukung sih,0.0,netral
aeyawiguna yg gw heran jakarta ricuhin daerah aja bukti politisasi bangun agama jahat yg bahaya rakyat jgn bodoh,0.0,netral
kapalapijelaslebiheunak emang sial sihgara rizik bangun indonesia jakarta mandek gin kek alami mundur gara doang yg nge banggain agama kelas anis baswedan aj setir rizik lhooooduhh mas anis mas anis,0.0,netral
aeyawiguna barang yg gotong royong bahumembahu dukungmendukung sharemenshare dlm kebathilan kezoliman apa alas apa bentuk yg bungkus dlm politisasi agama lihat hasil balas naujubillah summa naujubillah,-0.4,negatif
jkt mo nya tenggelamgiant sea world tolak anis gub unfaedah,0.0,netral
abah omon,0.0,netral
iya si anis gubernur bodoh pinter ngomong doang kaga becus kerja eeeeh d suruh presiden haduh,0.0,netral
g nelayan yg demo,0.0,netral
wowwreklamasinya kerenn,0.0,netral
woww kalah jkt,0.0,netral
mustahil,0.0,netral
wkwkwk lawan balikpapan kalo,0.0,netral
dasar stress,0.0,netral
makasar pesat pembangunanya ya,0.0,netral
darat pulau sulawesi nih,0.0,netral
must a nice must a nice,0.6,positif
malu njirrrr coba aj klo ahok yg pilih bs tuh reklamasi banding ania,0.0,netral
bang coba update reklamasi poj city semarang,0.0,netral
reklamasi jakarta salah strategi utk tangan banjir rob luar tangan banjir hulu banjir hilir kontraktor reklamasi jakarta wajib bangun tanggul laut raksasa jakarta jakarta giant sea wall bentuk csr pemda jakarta bendung alir sungai jakarta air baku yg distribusi rakyat jakarta yg air tanah strategi sumur resap biopori efektif massal utk isi akuifer jakarta sedot rakyat jakarta just info kapasitas pam jaya mengcover jakarta raya rakyat jakarta corporate air tanah guna air tanah akibat turun muka tanah jakarta akuifer tip tekan beban bangun muka jakarta fungsi reklamasi pantai utara jakarta beban infiltrasi air laut masuk darat utama jakarta cegah abrasi masyarakat jakarta pemda lahan tata ruang kota sirna egoisme pimpin yg paksa beda banjir rob tenggelam jakarta hantu,0.0,netral
bilang aja anis,0.0,netral
pilgub besok nyalon,0.0,netral
reklamasi jakarta gagal langgar sunatullah,0.0,netral
hayamkatelgqkwaduh parah sihtelalu ngikutin habib riziek tuh anis,0.0,netral
tp kena pikir si anies koplakk jd hancur reklamasi jkt utara dukung si anies cmngoh ngoh an z,0.0,netral
projek yg d kerja dri era sby tpi ngk kelar kelar smpai sekarangprojek klo yak d masuk dlm projek trategis nasional deh nasibnyapdhal klo d geber udah rampung smpai skrangngk heranbnyk projek yg d kerja jokowi mlh duluan kelar dri inimemalukanudah d gagas d kerja tu dri era sbysmpai era jokowi udah habismsih beginingk heran tinggal orang orang era sbyngk niat membanguntu lihatbandara kuala namu jambat suramadu dri era pimpin terdahuluprojek era pimpin makan kelaritu udah yg pling cepat,0.0,netral
tenang aj bangsekarang prabowo yg mw lanjut proyek strategis jokowi,0.0,netral
maaf bang twin tower cancel kalo ga salah berita detik mudah sih bangun icon nya makassar info twin tower gedung an meter,0.0,netral
udah coret proyek strategis nasional susah pakai apbd,0.0,netral
andipejalan iyaa baca detik kalo twin tower ga,0.0,netral
galihgumilarpret mekasar benalu sampah yg bikin malu negara perintah malu in indonesia timur,0.0,netral
rindu pulang makassar pulang stay papua,0.0,netral
jakarta tenggelam salah anis jg sih lihat gubernur nya jg era jokowi ahok jg banjir sangan parah jakarta tanah nya turun nya ambil air tanah yg,0.0,netral
tanpanamakomentarnya salah kolom nih,0.0,netral
ipvnkisme iya salah orang,0.0,netral
makassar jadi shenzhen jakarta nyampe level shenzhen tdk nyampe,0.0,netral
hehehehe shenzen versi kumuh ya,0.0,netral
astagina jakarta lbh kumuh ny moderen ny bagus ny,0.0,netral
jakarta kota trbesar china aja gk masuk,0.0,netral
neriogvgd beda level kota china dg jakarta dg kota asia selatan pas sm semrawut ny kumuh ny,0.0,netral
iya tanah nya ambruk,0.0,netral
gimana nggak kalah jakarta bang makasar dukung sdg jakarta protes bawa ranah politik orang yg nggak ngerti munafik,0.0,netral
pilih gubernur jakarta yaa jalan henti eh tau nya boleh tempat yg beda aja programpetahana goreng china isu liar nya juta rakyat china masuk area reklamasi jakarta berita hoaxs segitunya,0.0,netral
galihgumilargara habib sial bang,0.0,netral
cpi tuju nya cegah air rob banjir hantam pisisir nya reklamasi fungsi utama nya utk cagar alam wisata alam bangun bangun hancur nya,0.0,netral
negara jual aseng koq bangga siy,0.0,netral
triliun jual coy,0.0,netral
alangkah indah klo cpi tdak bangun rumah khusus gedung perkantoranhotelapartemenkampus n pusat belanja,0.0,netral
rugi pengembangnyaini biaya swastademandnya rumah harga minimal m studio room apartemen cpi harga murah juta aja kayak pik isi ruko biar cepat laku beli modal pengembangnyakalau isi gedung cari investor yg bas puluh,-0.1,negatif
andipejalanemg perintah fokus gedung atur perintah ngeluh lahan smkin habis,0.0,netral
noefvonfyi kak area cpi bangun kerjasama perintah kembang swasta daerah cpi bagi lahan milik area milik perintah area milik swasta area lewat jembatan merah area swasta kembang swasta punyak hak diri bisnis rumah ruko bisnis properti area lewat jembatan tongkonan area milik perintah situ rencana bangun gedung gedung perintah ya kak swasta bangun bisnis properti area perintah area bangun gedung area kawasan cpi,0.0,netral
noefvonlahan swasta hektar lahan pemprov hektar lahan pemprov yg jembatan tongkonan sdgkn lahan swasta jembatan yg runcing,0.0,netral
azrielmuhammad alias buta fiktif belaka nya,0.0,netral
